Status,Seq,URL,SKU,Product Code,IsBundle,User-pc count,SKU Type,Page to Land,Site Code,Site Language,Sku Language,Country Code,Language Code,Currency Code,Price,,,org,Channel,Promotion (Flex),Segment,Keyword Category,Email Program,Affiliate Sub Channel,Period (Time),Is Upgrade,PL Code,tppc,Batch Name,sku lang priority,Valid From,Valid To,Phased Out,Source,Vendor,,,,,,,,,,,,,,,,,,,,,,,,,,,,,,,,,,,,,,,,,,,,,,,,,,,,,,,,,,,,,,,,,,,,,,,,,,,,,,,,,,,,,,,,,,,,,,,,,,,,,,,,,,,,,,,,,,,,,,,,,,,,,,,,,,,,,,,,,,,,,,,,,,,,,,,,,,,,,,,,,,,,,,,,,,,,,,,,,,,,,,,,,,,,,,,,,,,,,,,,,,,,,,,,,,,,,,,,,,
Live,2012110069,http://buy.norton.com/partneroffer?ctry=FR&lang=FR&selSKU=21276154&tppc=6E4B2B64-D72B-31F7-B75C-8D4591DD2B25&ptype=cart,21276154,N360_2013_12MO_PC,N,1-3,Product,cart,FR_SITE,French,FR,FR,fr,EUR,39.99,N360_2013_12MO_PC1-3cartFR_SITEFrenchEUR39.99_PCCU_ASK,N360_2013_12MO_PC1-3cartFR_SITEFrenchEUR39.99,EMKTG,Partner/LOEM,50%,ALL,ALL,ALL,ALL,ALL,N,ECOM_MKT_50PCTOFF,6E4B2B64-D72B-31F7-B75C-8D4591DD2B25,SPARK-9647,1,,,,N360_2013_12MO_PC1-3cartFR_SITEFrenchEUR39.99,_PCCU_ASK,http://buy.norton.com/partneroffer?ctry=FR&lang=FR&selSKU=21276154&tppc=6E4B2B64-D72B-31F7-B75C-8D4591DD2B25&ptype=cart,,,,,,,,,,,,,,,,,,,,,,,,,,,,,,,,,,,,,,,,,,,,,,,,,,,,,,,,,,,,,,,,,,,,,,,,,,,,,,,,,,,,,,,,,,,,,,,,,,,,,,,,,,,,,,,,,,,,,,,,,,,,,,,,,,,,,,,,,,,,,,,,,,,,,,,,,,,,,,,,,,,,,,,,,,,,,,,,,,,,,,,,,,,,,,,,,,,,,,,,,,,,,,,,,,,,,,,,,
Live,2012110069,http://buy.norton.com/partneroffer?ctry=LU&lang=FR&selSKU=21276154&tppc=6E4B2B64-D72B-31F7-B75C-8D4591DD2B25&ptype=cart,21276154,N360_2013_12MO_PC,N,1-3,Product,cart,FR_SITE,French,FR,LU,fr,EUR,39.99,N360_2013_12MO_PC1-3cartFR_SITEFrenchEUR39.99_PCCU_ASK,N360_2013_12MO_PC1-3cartFR_SITEFrenchEUR39.99,EMKTG,Partner/LOEM,50%,ALL,ALL,ALL,ALL,ALL,N,ECOM_MKT_50PCTOFF,6E4B2B64-D72B-31F7-B75C-8D4591DD2B25,SPARK-9647,1,,,,N360_2013_12MO_PC1-3cartFR_SITEFrenchEUR39.99,_PCCU_ASK,http://buy.norton.com/partneroffer?ctry=LU&lang=FR&selSKU=21276154&tppc=6E4B2B64-D72B-31F7-B75C-8D4591DD2B25&ptype=cart,,,,,,,,,,,,,,,,,,,,,,,,,,,,,,,,,,,,,,,,,,,,,,,,,,,,,,,,,,,,,,,,,,,,,,,,,,,,,,,,,,,,,,,,,,,,,,,,,,,,,,,,,,,,,,,,,,,,,,,,,,,,,,,,,,,,,,,,,,,,,,,,,,,,,,,,,,,,,,,,,,,,,,,,,,,,,,,,,,,,,,,,,,,,,,,,,,,,,,,,,,,,,,,,,,,,,,,,,
Live,2012110070,http://buy.norton.com/partneroffer?ctry=FR&lang=FR&selSKU=21276127&tppc=A08E7460-D6FA-E082-8E91-36882647EB0A&ptype=cart,21276127,NIS_2013_12MO_PC,N,1-3,Product,cart,FR_SITE,French,FR,FR,fr,EUR,37.99,NIS_2013_12MO_PC1-3cartFR_SITEFrenchEUR37.99_PCCU_ASK,NIS_2013_12MO_PC1-3cartFR_SITEFrenchEUR37.99,EMKTG,Partner/LOEM,45%,ALL,ALL,ALL,ALL,ALL,N,ECOM_MKT_46PCTOFF,A08E7460-D6FA-E082-8E91-36882647EB0A,SPARK-9647,1,,,,NIS_2013_12MO_PC1-3cartFR_SITEFrenchEUR37.99,_PCCU_ASK,http://buy.norton.com/partneroffer?ctry=FR&lang=FR&selSKU=21276127&tppc=A08E7460-D6FA-E082-8E91-36882647EB0A&ptype=cart,,,,,,,,,,,,,,,,,,,,,,,,,,,,,,,,,,,,,,,,,,,,,,,,,,,,,,,,,,,,,,,,,,,,,,,,,,,,,,,,,,,,,,,,,,,,,,,,,,,,,,,,,,,,,,,,,,,,,,,,,,,,,,,,,,,,,,,,,,,,,,,,,,,,,,,,,,,,,,,,,,,,,,,,,,,,,,,,,,,,,,,,,,,,,,,,,,,,,,,,,,,,,,,,,,,,,,,,,
Live,2012110070,http://buy.norton.com/partneroffer?ctry=LU&lang=FR&selSKU=21276127&tppc=A08E7460-D6FA-E082-8E91-36882647EB0A&ptype=cart,21276127,NIS_2013_12MO_PC,N,1-3,Product,cart,FR_SITE,French,FR,LU,fr,EUR,37.99,NIS_2013_12MO_PC1-3cartFR_SITEFrenchEUR37.99_PCCU_ASK,NIS_2013_12MO_PC1-3cartFR_SITEFrenchEUR37.99,EMKTG,Partner/LOEM,45%,ALL,ALL,ALL,ALL,ALL,N,ECOM_MKT_46PCTOFF,A08E7460-D6FA-E082-8E91-36882647EB0A,SPARK-9647,1,,,,NIS_2013_12MO_PC1-3cartFR_SITEFrenchEUR37.99,_PCCU_ASK,http://buy.norton.com/partneroffer?ctry=LU&lang=FR&selSKU=21276127&tppc=A08E7460-D6FA-E082-8E91-36882647EB0A&ptype=cart,,,,,,,,,,,,,,,,,,,,,,,,,,,,,,,,,,,,,,,,,,,,,,,,,,,,,,,,,,,,,,,,,,,,,,,,,,,,,,,,,,,,,,,,,,,,,,,,,,,,,,,,,,,,,,,,,,,,,,,,,,,,,,,,,,,,,,,,,,,,,,,,,,,,,,,,,,,,,,,,,,,,,,,,,,,,,,,,,,,,,,,,,,,,,,,,,,,,,,,,,,,,,,,,,,,,,,,,,
Live,2012110071,http://buy.norton.com/partneroffer?ctry=FR&lang=FR&selSKU=21276036&tppc=92368756-E4AE-07D7-0F46-4D6DD2BFA54C&ptype=cart,21276036,NAV_2013_12MO_PC,N,1-3,Product,cart,FR_SITE,French,FR,FR,fr,EUR,34.99,NAV_2013_12MO_PC1-3cartFR_SITEFrenchEUR34.99_PCCU_ASK,NAV_2013_12MO_PC1-3cartFR_SITEFrenchEUR34.99,EMKTG,Partner/LOEM,10%,ALL,ALL,ALL,ALL,ALL,N,ECOM_MKT_13PCTOFF,92368756-E4AE-07D7-0F46-4D6DD2BFA54C,SPARK-9647,1,,,,NAV_2013_12MO_PC1-3cartFR_SITEFrenchEUR34.99,_PCCU_ASK,http://buy.norton.com/partneroffer?ctry=FR&lang=FR&selSKU=21276036&tppc=92368756-E4AE-07D7-0F46-4D6DD2BFA54C&ptype=cart,,,,,,,,,,,,,,,,,,,,,,,,,,,,,,,,,,,,,,,,,,,,,,,,,,,,,,,,,,,,,,,,,,,,,,,,,,,,,,,,,,,,,,,,,,,,,,,,,,,,,,,,,,,,,,,,,,,,,,,,,,,,,,,,,,,,,,,,,,,,,,,,,,,,,,,,,,,,,,,,,,,,,,,,,,,,,,,,,,,,,,,,,,,,,,,,,,,,,,,,,,,,,,,,,,,,,,,,,
Live,2012110071,http://buy.norton.com/partneroffer?ctry=LU&lang=FR&selSKU=21276036&tppc=92368756-E4AE-07D7-0F46-4D6DD2BFA54C&ptype=cart,21276036,NAV_2013_12MO_PC,N,1-3,Product,cart,FR_SITE,French,FR,LU,fr,EUR,34.99,NAV_2013_12MO_PC1-3cartFR_SITEFrenchEUR34.99_PCCU_ASK,NAV_2013_12MO_PC1-3cartFR_SITEFrenchEUR34.99,EMKTG,Partner/LOEM,10%,ALL,ALL,ALL,ALL,ALL,N,ECOM_MKT_13PCTOFF,92368756-E4AE-07D7-0F46-4D6DD2BFA54C,SPARK-9647,1,,,,NAV_2013_12MO_PC1-3cartFR_SITEFrenchEUR34.99,_PCCU_ASK,http://buy.norton.com/partneroffer?ctry=LU&lang=FR&selSKU=21276036&tppc=92368756-E4AE-07D7-0F46-4D6DD2BFA54C&ptype=cart,,,,,,,,,,,,,,,,,,,,,,,,,,,,,,,,,,,,,,,,,,,,,,,,,,,,,,,,,,,,,,,,,,,,,,,,,,,,,,,,,,,,,,,,,,,,,,,,,,,,,,,,,,,,,,,,,,,,,,,,,,,,,,,,,,,,,,,,,,,,,,,,,,,,,,,,,,,,,,,,,,,,,,,,,,,,,,,,,,,,,,,,,,,,,,,,,,,,,,,,,,,,,,,,,,,,,,,,,
Live,2012110072,http://buy.norton.com/partneroffer?ctry=IT&lang=IT&selSKU=21276152&tppc=6E4B2B64-D72B-31F7-B75C-8D4591DD2B25&ptype=cart,21276152,N360_2013_12MO_PC,N,1-3,Product,cart,IT_SITE,Italian,IT,IT,it,EUR,39.99,N360_2013_12MO_PC1-3cartIT_SITEItalianEUR39.99_PCCU_ASK,N360_2013_12MO_PC1-3cartIT_SITEItalianEUR39.99,EMKTG,Partner/LOEM,50%,ALL,ALL,ALL,ALL,ALL,N,ECOM_MKT_50PCTOFF,6E4B2B64-D72B-31F7-B75C-8D4591DD2B25,SPARK-9647,1,,,,N360_2013_12MO_PC1-3cartIT_SITEItalianEUR39.99,_PCCU_ASK,http://buy.norton.com/partneroffer?ctry=IT&lang=IT&selSKU=21276152&tppc=6E4B2B64-D72B-31F7-B75C-8D4591DD2B25&ptype=cart,,,,,,,,,,,,,,,,,,,,,,,,,,,,,,,,,,,,,,,,,,,,,,,,,,,,,,,,,,,,,,,,,,,,,,,,,,,,,,,,,,,,,,,,,,,,,,,,,,,,,,,,,,,,,,,,,,,,,,,,,,,,,,,,,,,,,,,,,,,,,,,,,,,,,,,,,,,,,,,,,,,,,,,,,,,,,,,,,,,,,,,,,,,,,,,,,,,,,,,,,,,,,,,,,,,,,,,,,
Live,2012110073,http://buy.norton.com/partneroffer?ctry=IT&lang=IT&selSKU=21276107&tppc=A08E7460-D6FA-E082-8E91-36882647EB0A&ptype=cart,21276107,NIS_2013_12MO_PC,N,1-3,Product,cart,IT_SITE,Italian,IT,IT,it,EUR,37.99,NIS_2013_12MO_PC1-3cartIT_SITEItalianEUR37.99_PCCU_ASK,NIS_2013_12MO_PC1-3cartIT_SITEItalianEUR37.99,EMKTG,Partner/LOEM,45%,ALL,ALL,ALL,ALL,ALL,N,ECOM_MKT_46PCTOFF,A08E7460-D6FA-E082-8E91-36882647EB0A,SPARK-9647,1,,,,NIS_2013_12MO_PC1-3cartIT_SITEItalianEUR37.99,_PCCU_ASK,http://buy.norton.com/partneroffer?ctry=IT&lang=IT&selSKU=21276107&tppc=A08E7460-D6FA-E082-8E91-36882647EB0A&ptype=cart,,,,,,,,,,,,,,,,,,,,,,,,,,,,,,,,,,,,,,,,,,,,,,,,,,,,,,,,,,,,,,,,,,,,,,,,,,,,,,,,,,,,,,,,,,,,,,,,,,,,,,,,,,,,,,,,,,,,,,,,,,,,,,,,,,,,,,,,,,,,,,,,,,,,,,,,,,,,,,,,,,,,,,,,,,,,,,,,,,,,,,,,,,,,,,,,,,,,,,,,,,,,,,,,,,,,,,,,,
Live,2012110074,http://buy.norton.com/partneroffer?ctry=IT&lang=IT&selSKU=21276033&tppc=92368756-E4AE-07D7-0F46-4D6DD2BFA54C&ptype=cart,21276033,NAV_2013_12MO_PC,N,1-3,Product,cart,IT_SITE,Italian,IT,IT,it,EUR,34.99,NAV_2013_12MO_PC1-3cartIT_SITEItalianEUR34.99_PCCU_ASK,NAV_2013_12MO_PC1-3cartIT_SITEItalianEUR34.99,EMKTG,Partner/LOEM,10%,ALL,ALL,ALL,ALL,ALL,N,ECOM_MKT_13PCTOFF,92368756-E4AE-07D7-0F46-4D6DD2BFA54C,SPARK-9647,1,,,,NAV_2013_12MO_PC1-3cartIT_SITEItalianEUR34.99,_PCCU_ASK,http://buy.norton.com/partneroffer?ctry=IT&lang=IT&selSKU=21276033&tppc=92368756-E4AE-07D7-0F46-4D6DD2BFA54C&ptype=cart,,,,,,,,,,,,,,,,,,,,,,,,,,,,,,,,,,,,,,,,,,,,,,,,,,,,,,,,,,,,,,,,,,,,,,,,,,,,,,,,,,,,,,,,,,,,,,,,,,,,,,,,,,,,,,,,,,,,,,,,,,,,,,,,,,,,,,,,,,,,,,,,,,,,,,,,,,,,,,,,,,,,,,,,,,,,,,,,,,,,,,,,,,,,,,,,,,,,,,,,,,,,,,,,,,,,,,,,,
Live,2012110075,http://buy.norton.com/partneroffer?ctry=AT&lang=DE&selSKU=21276147&tppc=6E4B2B64-D72B-31F7-B75C-8D4591DD2B25&ptype=cart,21276147,N360_2013_12MO_PC,N,1-3,Product,cart,DE_SITE,German,GE,AT,de,EUR,34.99,N360_2013_12MO_PC1-3cartDE_SITEGermanEUR34.99_PCCU_ASK,N360_2013_12MO_PC1-3cartDE_SITEGermanEUR34.99,EMKTG,Partner/LOEM,50%,ALL,ALL,ALL,ALL,ALL,N,ECOM_MKT_50PCTOFF,6E4B2B64-D72B-31F7-B75C-8D4591DD2B25,SPARK-9647,1,,,,N360_2013_12MO_PC1-3cartDE_SITEGermanEUR34.99,_PCCU_ASK,http://buy.norton.com/partneroffer?ctry=AT&lang=DE&selSKU=21276147&tppc=6E4B2B64-D72B-31F7-B75C-8D4591DD2B25&ptype=cart,,,,,,,,,,,,,,,,,,,,,,,,,,,,,,,,,,,,,,,,,,,,,,,,,,,,,,,,,,,,,,,,,,,,,,,,,,,,,,,,,,,,,,,,,,,,,,,,,,,,,,,,,,,,,,,,,,,,,,,,,,,,,,,,,,,,,,,,,,,,,,,,,,,,,,,,,,,,,,,,,,,,,,,,,,,,,,,,,,,,,,,,,,,,,,,,,,,,,,,,,,,,,,,,,,,,,,,,,
Live,2012110075,http://buy.norton.com/partneroffer?ctry=DE&lang=DE&selSKU=21276147&tppc=6E4B2B64-D72B-31F7-B75C-8D4591DD2B25&ptype=cart,21276147,N360_2013_12MO_PC,N,1-3,Product,cart,DE_SITE,German,GE,DE,de,EUR,34.99,N360_2013_12MO_PC1-3cartDE_SITEGermanEUR34.99_PCCU_ASK,N360_2013_12MO_PC1-3cartDE_SITEGermanEUR34.99,EMKTG,Partner/LOEM,50%,ALL,ALL,ALL,ALL,ALL,N,ECOM_MKT_50PCTOFF,6E4B2B64-D72B-31F7-B75C-8D4591DD2B25,SPARK-9647,1,,,,N360_2013_12MO_PC1-3cartDE_SITEGermanEUR34.99,_PCCU_ASK,http://buy.norton.com/partneroffer?ctry=DE&lang=DE&selSKU=21276147&tppc=6E4B2B64-D72B-31F7-B75C-8D4591DD2B25&ptype=cart,,,,,,,,,,,,,,,,,,,,,,,,,,,,,,,,,,,,,,,,,,,,,,,,,,,,,,,,,,,,,,,,,,,,,,,,,,,,,,,,,,,,,,,,,,,,,,,,,,,,,,,,,,,,,,,,,,,,,,,,,,,,,,,,,,,,,,,,,,,,,,,,,,,,,,,,,,,,,,,,,,,,,,,,,,,,,,,,,,,,,,,,,,,,,,,,,,,,,,,,,,,,,,,,,,,,,,,,,
Live,2012110076,http://buy.norton.com/partneroffer?ctry=AT&lang=DE&selSKU=21276104&tppc=49BE0F57-DF68-98F1-26E2-4AF9A8DC9302&ptype=cart,21276104,NIS_2013_12MO_PC,N,1-3,Product,cart,DE_SITE,German,GE,AT,de,EUR,31.99,NIS_2013_12MO_PC1-3cartDE_SITEGermanEUR31.99_PCCU_ASK,NIS_2013_12MO_PC1-3cartDE_SITEGermanEUR31.99,EMKTG,Partner/LOEM,45%,ALL,ALL,ALL,ALL,ALL,N,ECOM_MKT_47PCTOFF,49BE0F57-DF68-98F1-26E2-4AF9A8DC9302,SPARK-9647,1,,,,NIS_2013_12MO_PC1-3cartDE_SITEGermanEUR31.99,_PCCU_ASK,http://buy.norton.com/partneroffer?ctry=AT&lang=DE&selSKU=21276104&tppc=49BE0F57-DF68-98F1-26E2-4AF9A8DC9302&ptype=cart,,,,,,,,,,,,,,,,,,,,,,,,,,,,,,,,,,,,,,,,,,,,,,,,,,,,,,,,,,,,,,,,,,,,,,,,,,,,,,,,,,,,,,,,,,,,,,,,,,,,,,,,,,,,,,,,,,,,,,,,,,,,,,,,,,,,,,,,,,,,,,,,,,,,,,,,,,,,,,,,,,,,,,,,,,,,,,,,,,,,,,,,,,,,,,,,,,,,,,,,,,,,,,,,,,,,,,,,,
Live,2012110076,http://buy.norton.com/partneroffer?ctry=DE&lang=DE&selSKU=21276104&tppc=49BE0F57-DF68-98F1-26E2-4AF9A8DC9302&ptype=cart,21276104,NIS_2013_12MO_PC,N,1-3,Product,cart,DE_SITE,German,GE,DE,de,EUR,31.99,NIS_2013_12MO_PC1-3cartDE_SITEGermanEUR31.99_PCCU_ASK,NIS_2013_12MO_PC1-3cartDE_SITEGermanEUR31.99,EMKTG,Partner/LOEM,45%,ALL,ALL,ALL,ALL,ALL,N,ECOM_MKT_47PCTOFF,49BE0F57-DF68-98F1-26E2-4AF9A8DC9302,SPARK-9647,1,,,,NIS_2013_12MO_PC1-3cartDE_SITEGermanEUR31.99,_PCCU_ASK,http://buy.norton.com/partneroffer?ctry=DE&lang=DE&selSKU=21276104&tppc=49BE0F57-DF68-98F1-26E2-4AF9A8DC9302&ptype=cart,,,,,,,,,,,,,,,,,,,,,,,,,,,,,,,,,,,,,,,,,,,,,,,,,,,,,,,,,,,,,,,,,,,,,,,,,,,,,,,,,,,,,,,,,,,,,,,,,,,,,,,,,,,,,,,,,,,,,,,,,,,,,,,,,,,,,,,,,,,,,,,,,,,,,,,,,,,,,,,,,,,,,,,,,,,,,,,,,,,,,,,,,,,,,,,,,,,,,,,,,,,,,,,,,,,,,,,,,
Live,2012110077,http://buy.norton.com/partneroffer?ctry=AT&lang=DE&selSKU=21276034&tppc=A10161AE-8A7A-5D84-BA32-CD15716AE16E&ptype=cart,21276034,NAV_2013_12MO_PC,N,1-3,Product,cart,DE_SITE,German,GE,AT,de,EUR,29.99,NAV_2013_12MO_PC1-3cartDE_SITEGermanEUR29.99_PCCU_ASK,NAV_2013_12MO_PC1-3cartDE_SITEGermanEUR29.99,EMKTG,Partner/LOEM,25%,ALL,ALL,ALL,ALL,ALL,N,ECOM_MKT_25PCTOFF,A10161AE-8A7A-5D84-BA32-CD15716AE16E,SPARK-9647,1,,,,NAV_2013_12MO_PC1-3cartDE_SITEGermanEUR29.99,_PCCU_ASK,http://buy.norton.com/partneroffer?ctry=AT&lang=DE&selSKU=21276034&tppc=A10161AE-8A7A-5D84-BA32-CD15716AE16E&ptype=cart,,,,,,,,,,,,,,,,,,,,,,,,,,,,,,,,,,,,,,,,,,,,,,,,,,,,,,,,,,,,,,,,,,,,,,,,,,,,,,,,,,,,,,,,,,,,,,,,,,,,,,,,,,,,,,,,,,,,,,,,,,,,,,,,,,,,,,,,,,,,,,,,,,,,,,,,,,,,,,,,,,,,,,,,,,,,,,,,,,,,,,,,,,,,,,,,,,,,,,,,,,,,,,,,,,,,,,,,,
Live,2012110077,http://buy.norton.com/partneroffer?ctry=DE&lang=DE&selSKU=21276034&tppc=A10161AE-8A7A-5D84-BA32-CD15716AE16E&ptype=cart,21276034,NAV_2013_12MO_PC,N,1-3,Product,cart,DE_SITE,German,GE,DE,de,EUR,29.99,NAV_2013_12MO_PC1-3cartDE_SITEGermanEUR29.99_PCCU_ASK,NAV_2013_12MO_PC1-3cartDE_SITEGermanEUR29.99,EMKTG,Partner/LOEM,25%,ALL,ALL,ALL,ALL,ALL,N,ECOM_MKT_25PCTOFF,A10161AE-8A7A-5D84-BA32-CD15716AE16E,SPARK-9647,1,,,,NAV_2013_12MO_PC1-3cartDE_SITEGermanEUR29.99,_PCCU_ASK,http://buy.norton.com/partneroffer?ctry=DE&lang=DE&selSKU=21276034&tppc=A10161AE-8A7A-5D84-BA32-CD15716AE16E&ptype=cart,,,,,,,,,,,,,,,,,,,,,,,,,,,,,,,,,,,,,,,,,,,,,,,,,,,,,,,,,,,,,,,,,,,,,,,,,,,,,,,,,,,,,,,,,,,,,,,,,,,,,,,,,,,,,,,,,,,,,,,,,,,,,,,,,,,,,,,,,,,,,,,,,,,,,,,,,,,,,,,,,,,,,,,,,,,,,,,,,,,,,,,,,,,,,,,,,,,,,,,,,,,,,,,,,,,,,,,,,
Live,2012110078,http://buy.norton.com/partneroffer?ctry=ES&lang=ES&selSKU=21276155&tppc=6E4B2B64-D72B-31F7-B75C-8D4591DD2B25&ptype=cart,21276155,N360_2013_12MO_PC,N,1-3,Product,cart,IB_SITE,Spanish,ES,ES,es,EUR,44.99,N360_2013_12MO_PC1-3cartIB_SITESpanishEUR44.99_PCCU_ASK,N360_2013_12MO_PC1-3cartIB_SITESpanishEUR44.99,EMKTG,Partner/LOEM,50%,ALL,ALL,ALL,ALL,ALL,N,ECOM_MKT_50PCTOFF,6E4B2B64-D72B-31F7-B75C-8D4591DD2B25,SPARK-9647,1,,,,N360_2013_12MO_PC1-3cartIB_SITESpanishEUR44.99,_PCCU_ASK,http://buy.norton.com/partneroffer?ctry=ES&lang=ES&selSKU=21276155&tppc=6E4B2B64-D72B-31F7-B75C-8D4591DD2B25&ptype=cart,,,,,,,,,,,,,,,,,,,,,,,,,,,,,,,,,,,,,,,,,,,,,,,,,,,,,,,,,,,,,,,,,,,,,,,,,,,,,,,,,,,,,,,,,,,,,,,,,,,,,,,,,,,,,,,,,,,,,,,,,,,,,,,,,,,,,,,,,,,,,,,,,,,,,,,,,,,,,,,,,,,,,,,,,,,,,,,,,,,,,,,,,,,,,,,,,,,,,,,,,,,,,,,,,,,,,,,,,
Live,2012110079,http://buy.norton.com/partneroffer?ctry=ES&lang=ES&selSKU=21276128&tppc=B7D37237-45A3-0AB2-EF02-F87ACFBB2435&ptype=cart,21276128,NIS_2013_12MO_PC,N,1-3,Product,cart,IB_SITE,Spanish,ES,ES,es,EUR,41.99,NIS_2013_12MO_PC1-3cartIB_SITESpanishEUR41.99_PCCU_ASK,NIS_2013_12MO_PC1-3cartIB_SITESpanishEUR41.99,EMKTG,Partner/LOEM,45%,ALL,ALL,ALL,ALL,ALL,N,ECOM_MKT_48PCTOFF,B7D37237-45A3-0AB2-EF02-F87ACFBB2435,SPARK-9647,1,,,,NIS_2013_12MO_PC1-3cartIB_SITESpanishEUR41.99,_PCCU_ASK,http://buy.norton.com/partneroffer?ctry=ES&lang=ES&selSKU=21276128&tppc=B7D37237-45A3-0AB2-EF02-F87ACFBB2435&ptype=cart,,,,,,,,,,,,,,,,,,,,,,,,,,,,,,,,,,,,,,,,,,,,,,,,,,,,,,,,,,,,,,,,,,,,,,,,,,,,,,,,,,,,,,,,,,,,,,,,,,,,,,,,,,,,,,,,,,,,,,,,,,,,,,,,,,,,,,,,,,,,,,,,,,,,,,,,,,,,,,,,,,,,,,,,,,,,,,,,,,,,,,,,,,,,,,,,,,,,,,,,,,,,,,,,,,,,,,,,,
Live,2012110080,http://buy.norton.com/partneroffer?ctry=ES&lang=ES&selSKU=21276018&tppc=0EECDDE1-300E-1BEE-F0E6-C731F257DB35&ptype=cart,21276018,NAV_2013_12MO_PC,N,1-3,Product,cart,IB_SITE,Spanish,ES,ES,es,EUR,39.99,NAV_2013_12MO_PC1-3cartIB_SITESpanishEUR39.99_PCCU_ASK,NAV_2013_12MO_PC1-3cartIB_SITESpanishEUR39.99,EMKTG,Partner/LOEM,10%,ALL,ALL,ALL,ALL,ALL,N,ECOM_MKT_11PCTOFF,0EECDDE1-300E-1BEE-F0E6-C731F257DB35,SPARK-9647,1,,,,NAV_2013_12MO_PC1-3cartIB_SITESpanishEUR39.99,_PCCU_ASK,http://buy.norton.com/partneroffer?ctry=ES&lang=ES&selSKU=21276018&tppc=0EECDDE1-300E-1BEE-F0E6-C731F257DB35&ptype=cart,,,,,,,,,,,,,,,,,,,,,,,,,,,,,,,,,,,,,,,,,,,,,,,,,,,,,,,,,,,,,,,,,,,,,,,,,,,,,,,,,,,,,,,,,,,,,,,,,,,,,,,,,,,,,,,,,,,,,,,,,,,,,,,,,,,,,,,,,,,,,,,,,,,,,,,,,,,,,,,,,,,,,,,,,,,,,,,,,,,,,,,,,,,,,,,,,,,,,,,,,,,,,,,,,,,,,,,,,
Live,2012110081,http://buy.norton.com/partneroffer?ctry=BE&lang=NL&selSKU=21276145&tppc=6E4B2B64-D72B-31F7-B75C-8D4591DD2B25&ptype=cart,21276145,N360_2013_12MO_PC,N,1-3,Product,cart,NL_SITE,Dutch,NL,BE,nl,EUR,39.99,N360_2013_12MO_PC1-3cartNL_SITEDutchEUR39.99_PCCU_ASK,N360_2013_12MO_PC1-3cartNL_SITEDutchEUR39.99,EMKTG,Partner/LOEM,50%,ALL,ALL,ALL,ALL,ALL,N,ECOM_MKT_50PCTOFF,6E4B2B64-D72B-31F7-B75C-8D4591DD2B25,SPARK-9647,1,,,,N360_2013_12MO_PC1-3cartNL_SITEDutchEUR39.99,_PCCU_ASK,http://buy.norton.com/partneroffer?ctry=BE&lang=NL&selSKU=21276145&tppc=6E4B2B64-D72B-31F7-B75C-8D4591DD2B25&ptype=cart,,,,,,,,,,,,,,,,,,,,,,,,,,,,,,,,,,,,,,,,,,,,,,,,,,,,,,,,,,,,,,,,,,,,,,,,,,,,,,,,,,,,,,,,,,,,,,,,,,,,,,,,,,,,,,,,,,,,,,,,,,,,,,,,,,,,,,,,,,,,,,,,,,,,,,,,,,,,,,,,,,,,,,,,,,,,,,,,,,,,,,,,,,,,,,,,,,,,,,,,,,,,,,,,,,,,,,,,,
Live,2012110081,http://buy.norton.com/partneroffer?ctry=NL&lang=NL&selSKU=21276145&tppc=6E4B2B64-D72B-31F7-B75C-8D4591DD2B25&ptype=cart,21276145,N360_2013_12MO_PC,N,1-3,Product,cart,NL_SITE,Dutch,NL,NL,nl,EUR,39.99,N360_2013_12MO_PC1-3cartNL_SITEDutchEUR39.99_PCCU_ASK,N360_2013_12MO_PC1-3cartNL_SITEDutchEUR39.99,EMKTG,Partner/LOEM,50%,ALL,ALL,ALL,ALL,ALL,N,ECOM_MKT_50PCTOFF,6E4B2B64-D72B-31F7-B75C-8D4591DD2B25,SPARK-9647,1,,,,N360_2013_12MO_PC1-3cartNL_SITEDutchEUR39.99,_PCCU_ASK,http://buy.norton.com/partneroffer?ctry=NL&lang=NL&selSKU=21276145&tppc=6E4B2B64-D72B-31F7-B75C-8D4591DD2B25&ptype=cart,,,,,,,,,,,,,,,,,,,,,,,,,,,,,,,,,,,,,,,,,,,,,,,,,,,,,,,,,,,,,,,,,,,,,,,,,,,,,,,,,,,,,,,,,,,,,,,,,,,,,,,,,,,,,,,,,,,,,,,,,,,,,,,,,,,,,,,,,,,,,,,,,,,,,,,,,,,,,,,,,,,,,,,,,,,,,,,,,,,,,,,,,,,,,,,,,,,,,,,,,,,,,,,,,,,,,,,,,
Live,2012110082,http://buy.norton.com/partneroffer?ctry=BE&lang=NL&selSKU=21276114&tppc=2EAD23B9-042E-CA69-6C7B-8CBE241F521B&ptype=cart,21276114,NIS_2013_12MO_PC,N,1-3,Product,cart,NL_SITE,Dutch,NL,BE,nl,EUR,37.99,NIS_2013_12MO_PC1-3cartNL_SITEDutchEUR37.99_PCCU_ASK,NIS_2013_12MO_PC1-3cartNL_SITEDutchEUR37.99,EMKTG,Partner/LOEM,50%,ALL,ALL,ALL,ALL,ALL,N,ECOM_MKT_49PCTOFF,2EAD23B9-042E-CA69-6C7B-8CBE241F521B,SPARK-9647,1,,,,NIS_2013_12MO_PC1-3cartNL_SITEDutchEUR37.99,_PCCU_ASK,http://buy.norton.com/partneroffer?ctry=BE&lang=NL&selSKU=21276114&tppc=2EAD23B9-042E-CA69-6C7B-8CBE241F521B&ptype=cart,,,,,,,,,,,,,,,,,,,,,,,,,,,,,,,,,,,,,,,,,,,,,,,,,,,,,,,,,,,,,,,,,,,,,,,,,,,,,,,,,,,,,,,,,,,,,,,,,,,,,,,,,,,,,,,,,,,,,,,,,,,,,,,,,,,,,,,,,,,,,,,,,,,,,,,,,,,,,,,,,,,,,,,,,,,,,,,,,,,,,,,,,,,,,,,,,,,,,,,,,,,,,,,,,,,,,,,,,
Live,2012110082,http://buy.norton.com/partneroffer?ctry=NL&lang=NL&selSKU=21276114&tppc=2EAD23B9-042E-CA69-6C7B-8CBE241F521B&ptype=cart,21276114,NIS_2013_12MO_PC,N,1-3,Product,cart,NL_SITE,Dutch,NL,NL,nl,EUR,37.99,NIS_2013_12MO_PC1-3cartNL_SITEDutchEUR37.99_PCCU_ASK,NIS_2013_12MO_PC1-3cartNL_SITEDutchEUR37.99,EMKTG,Partner/LOEM,50%,ALL,ALL,ALL,ALL,ALL,N,ECOM_MKT_49PCTOFF,2EAD23B9-042E-CA69-6C7B-8CBE241F521B,SPARK-9647,1,,,,NIS_2013_12MO_PC1-3cartNL_SITEDutchEUR37.99,_PCCU_ASK,http://buy.norton.com/partneroffer?ctry=NL&lang=NL&selSKU=21276114&tppc=2EAD23B9-042E-CA69-6C7B-8CBE241F521B&ptype=cart,,,,,,,,,,,,,,,,,,,,,,,,,,,,,,,,,,,,,,,,,,,,,,,,,,,,,,,,,,,,,,,,,,,,,,,,,,,,,,,,,,,,,,,,,,,,,,,,,,,,,,,,,,,,,,,,,,,,,,,,,,,,,,,,,,,,,,,,,,,,,,,,,,,,,,,,,,,,,,,,,,,,,,,,,,,,,,,,,,,,,,,,,,,,,,,,,,,,,,,,,,,,,,,,,,,,,,,,,
Live,2012110083,http://buy.norton.com/partneroffer?ctry=BE&lang=NL&selSKU=21276026&tppc=2F7D2969-0655-C8F5-089C-E01AEAF903A8&ptype=cart,21276026,NAV_2013_12MO_PC,N,1-3,Product,cart,NL_SITE,Dutch,NL,BE,nl,EUR,34.99,NAV_2013_12MO_PC1-3cartNL_SITEDutchEUR34.99_PCCU_ASK,NAV_2013_12MO_PC1-3cartNL_SITEDutchEUR34.99,EMKTG,Partner/LOEM,10CU,ALL,ALL,ALL,ALL,ALL,N,ECOM_MKT_22PCTOFF,2F7D2969-0655-C8F5-089C-E01AEAF903A8,SPARK-9647,1,,,,NAV_2013_12MO_PC1-3cartNL_SITEDutchEUR34.99,_PCCU_ASK,http://buy.norton.com/partneroffer?ctry=BE&lang=NL&selSKU=21276026&tppc=2F7D2969-0655-C8F5-089C-E01AEAF903A8&ptype=cart,,,,,,,,,,,,,,,,,,,,,,,,,,,,,,,,,,,,,,,,,,,,,,,,,,,,,,,,,,,,,,,,,,,,,,,,,,,,,,,,,,,,,,,,,,,,,,,,,,,,,,,,,,,,,,,,,,,,,,,,,,,,,,,,,,,,,,,,,,,,,,,,,,,,,,,,,,,,,,,,,,,,,,,,,,,,,,,,,,,,,,,,,,,,,,,,,,,,,,,,,,,,,,,,,,,,,,,,,
Live,2012110083,http://buy.norton.com/partneroffer?ctry=NL&lang=NL&selSKU=21276026&tppc=2F7D2969-0655-C8F5-089C-E01AEAF903A8&ptype=cart,21276026,NAV_2013_12MO_PC,N,1-3,Product,cart,NL_SITE,Dutch,NL,NL,nl,EUR,34.99,NAV_2013_12MO_PC1-3cartNL_SITEDutchEUR34.99_PCCU_ASK,NAV_2013_12MO_PC1-3cartNL_SITEDutchEUR34.99,EMKTG,Partner/LOEM,10CU,ALL,ALL,ALL,ALL,ALL,N,ECOM_MKT_22PCTOFF,2F7D2969-0655-C8F5-089C-E01AEAF903A8,SPARK-9647,1,,,,NAV_2013_12MO_PC1-3cartNL_SITEDutchEUR34.99,_PCCU_ASK,http://buy.norton.com/partneroffer?ctry=NL&lang=NL&selSKU=21276026&tppc=2F7D2969-0655-C8F5-089C-E01AEAF903A8&ptype=cart,,,,,,,,,,,,,,,,,,,,,,,,,,,,,,,,,,,,,,,,,,,,,,,,,,,,,,,,,,,,,,,,,,,,,,,,,,,,,,,,,,,,,,,,,,,,,,,,,,,,,,,,,,,,,,,,,,,,,,,,,,,,,,,,,,,,,,,,,,,,,,,,,,,,,,,,,,,,,,,,,,,,,,,,,,,,,,,,,,,,,,,,,,,,,,,,,,,,,,,,,,,,,,,,,,,,,,,,,
Live,2012110084,http://buy.norton.com/partneroffer?ctry=BR&lang=PT&selSKU=21276143&tppc=6E4B2B64-D72B-31F7-B75C-8D4591DD2B25&ptype=cart,21276143,N360_2013_12MO_PC,N,1-3,Product,cart,LATAM_SITE,Portuguese,BR,BR,pt,BRL,84,N360_2013_12MO_PC1-3cartLATAM_SITEPortugueseBRL84_PCCU_ASK,N360_2013_12MO_PC1-3cartLATAM_SITEPortugueseBRL84,EMKTG,Partner/LOEM,50%,ALL,ALL,ALL,ALL,ALL,N,ECOM_MKT_50PCTOFF,6E4B2B64-D72B-31F7-B75C-8D4591DD2B25,SPARK-9647,1,,,,N360_2013_12MO_PC1-3cartLATAM_SITEPortugueseBRL84,_PCCU_ASK,http://buy.norton.com/partneroffer?ctry=BR&lang=PT&selSKU=21276143&tppc=6E4B2B64-D72B-31F7-B75C-8D4591DD2B25&ptype=cart,,,,,,,,,,,,,,,,,,,,,,,,,,,,,,,,,,,,,,,,,,,,,,,,,,,,,,,,,,,,,,,,,,,,,,,,,,,,,,,,,,,,,,,,,,,,,,,,,,,,,,,,,,,,,,,,,,,,,,,,,,,,,,,,,,,,,,,,,,,,,,,,,,,,,,,,,,,,,,,,,,,,,,,,,,,,,,,,,,,,,,,,,,,,,,,,,,,,,,,,,,,,,,,,,,,,,,,,,
Live,2012110085,http://buy.norton.com/partneroffer?ctry=BR&lang=PT&selSKU=21276132&tppc=A10161AE-8A7A-5D84-BA32-CD15716AE16E&ptype=cart,21276132,NIS_2013_12MO_PC,N,1-1,Product,cart,LATAM_SITE,Portuguese,BR,BR,pt,BRL,74,NIS_2013_12MO_PC1-1cartLATAM_SITEPortugueseBRL74_PCCU_ASK,NIS_2013_12MO_PC1-1cartLATAM_SITEPortugueseBRL74,EMKTG,Partner/LOEM,25CU,ALL,ALL,ALL,ALL,ALL,N,ECOM_MKT_25PCTOFF,A10161AE-8A7A-5D84-BA32-CD15716AE16E,SPARK-9647,1,,,,NIS_2013_12MO_PC1-1cartLATAM_SITEPortugueseBRL74,_PCCU_ASK,http://buy.norton.com/partneroffer?ctry=BR&lang=PT&selSKU=21276132&tppc=A10161AE-8A7A-5D84-BA32-CD15716AE16E&ptype=cart,,,,,,,,,,,,,,,,,,,,,,,,,,,,,,,,,,,,,,,,,,,,,,,,,,,,,,,,,,,,,,,,,,,,,,,,,,,,,,,,,,,,,,,,,,,,,,,,,,,,,,,,,,,,,,,,,,,,,,,,,,,,,,,,,,,,,,,,,,,,,,,,,,,,,,,,,,,,,,,,,,,,,,,,,,,,,,,,,,,,,,,,,,,,,,,,,,,,,,,,,,,,,,,,,,,,,,,,,
Live,2012110086,http://buy.norton.com/partneroffer?ctry=BR&lang=PT&selSKU=21276022&tppc=DA0AC5CC-0DCA-FE63-0FE1-51286C452D04&ptype=cart,21276022,NAV_2013_12MO_PC,N,1-1,Product,cart,LATAM_SITE,Portuguese,BR,BR,pt,BRL,64,NAV_2013_12MO_PC1-1cartLATAM_SITEPortugueseBRL64_PCCU_ASK,NAV_2013_12MO_PC1-1cartLATAM_SITEPortugueseBRL64,EMKTG,Partner/LOEM,15CU,ALL,ALL,ALL,ALL,ALL,N,ECOM_MKT_19PCTOFF,DA0AC5CC-0DCA-FE63-0FE1-51286C452D04,SPARK-9647,1,,,,NAV_2013_12MO_PC1-1cartLATAM_SITEPortugueseBRL64,_PCCU_ASK,http://buy.norton.com/partneroffer?ctry=BR&lang=PT&selSKU=21276022&tppc=DA0AC5CC-0DCA-FE63-0FE1-51286C452D04&ptype=cart,,,,,,,,,,,,,,,,,,,,,,,,,,,,,,,,,,,,,,,,,,,,,,,,,,,,,,,,,,,,,,,,,,,,,,,,,,,,,,,,,,,,,,,,,,,,,,,,,,,,,,,,,,,,,,,,,,,,,,,,,,,,,,,,,,,,,,,,,,,,,,,,,,,,,,,,,,,,,,,,,,,,,,,,,,,,,,,,,,,,,,,,,,,,,,,,,,,,,,,,,,,,,,,,,,,,,,,,,
Live,2012110087,http://buy.norton.com/partneroffer?ctry=US&lang=EN&selSKU=21276146&tppc=6E4B2B64-D72B-31F7-B75C-8D4591DD2B25&ptype=cart,21276146,N360_2013_12MO_PC,N,1-3,Product,cart,US_SITE,English,EN,US,en,USD,44.99,N360_2013_12MO_PC1-3cartUS_SITEEnglishUSD44.99_PCCU_ASK,N360_2013_12MO_PC1-3cartUS_SITEEnglishUSD44.99,EMKTG,Partner/LOEM,50%,ALL,ALL,ALL,ALL,ALL,N,ECOM_MKT_50PCTOFF,6E4B2B64-D72B-31F7-B75C-8D4591DD2B25,SPARK-9647,1,,,,N360_2013_12MO_PC1-3cartUS_SITEEnglishUSD44.99,_PCCU_ASK,http://buy.norton.com/partneroffer?ctry=US&lang=EN&selSKU=21276146&tppc=6E4B2B64-D72B-31F7-B75C-8D4591DD2B25&ptype=cart,,,,,,,,,,,,,,,,,,,,,,,,,,,,,,,,,,,,,,,,,,,,,,,,,,,,,,,,,,,,,,,,,,,,,,,,,,,,,,,,,,,,,,,,,,,,,,,,,,,,,,,,,,,,,,,,,,,,,,,,,,,,,,,,,,,,,,,,,,,,,,,,,,,,,,,,,,,,,,,,,,,,,,,,,,,,,,,,,,,,,,,,,,,,,,,,,,,,,,,,,,,,,,,,,,,,,,,,,
Live,2012110088,http://buy.norton.com/partneroffer?ctry=US&lang=EN&selSKU=21276123&tppc=B7D37237-45A3-0AB2-EF02-F87ACFBB2435&ptype=cart,21276123,NIS_2013_12MO_PC,N,1-3,Product,cart,US_SITE,English,EN,US,en,USD,41.99,NIS_2013_12MO_PC1-3cartUS_SITEEnglishUSD41.99_PCCU_ASK,NIS_2013_12MO_PC1-3cartUS_SITEEnglishUSD41.99,EMKTG,Partner/LOEM,45%,ALL,ALL,ALL,ALL,ALL,N,ECOM_MKT_48PCTOFF,B7D37237-45A3-0AB2-EF02-F87ACFBB2435,SPARK-9647,1,,,,NIS_2013_12MO_PC1-3cartUS_SITEEnglishUSD41.99,_PCCU_ASK,http://buy.norton.com/partneroffer?ctry=US&lang=EN&selSKU=21276123&tppc=B7D37237-45A3-0AB2-EF02-F87ACFBB2435&ptype=cart,,,,,,,,,,,,,,,,,,,,,,,,,,,,,,,,,,,,,,,,,,,,,,,,,,,,,,,,,,,,,,,,,,,,,,,,,,,,,,,,,,,,,,,,,,,,,,,,,,,,,,,,,,,,,,,,,,,,,,,,,,,,,,,,,,,,,,,,,,,,,,,,,,,,,,,,,,,,,,,,,,,,,,,,,,,,,,,,,,,,,,,,,,,,,,,,,,,,,,,,,,,,,,,,,,,,,,,,,
Live,2012110089,http://buy.norton.com/partneroffer?ctry=US&lang=EN&selSKU=21276031&tppc=D55BA507-1874-2230-AA46-E5AE7F3683B9&ptype=cart,21276031,NAV_2013_12MO_PC,N,1-3,Product,cart,US_SITE,English,EN,US,en,USD,39.99,NAV_2013_12MO_PC1-3cartUS_SITEEnglishUSD39.99_PCCU_ASK,NAV_2013_12MO_PC1-3cartUS_SITEEnglishUSD39.99,EMKTG,Partner/LOEM,20%,ALL,ALL,ALL,ALL,ALL,N,ECOM_MKT_20PCTOFF,D55BA507-1874-2230-AA46-E5AE7F3683B9,SPARK-9647,1,,,,NAV_2013_12MO_PC1-3cartUS_SITEEnglishUSD39.99,_PCCU_ASK,http://buy.norton.com/partneroffer?ctry=US&lang=EN&selSKU=21276031&tppc=D55BA507-1874-2230-AA46-E5AE7F3683B9&ptype=cart,,,,,,,,,,,,,,,,,,,,,,,,,,,,,,,,,,,,,,,,,,,,,,,,,,,,,,,,,,,,,,,,,,,,,,,,,,,,,,,,,,,,,,,,,,,,,,,,,,,,,,,,,,,,,,,,,,,,,,,,,,,,,,,,,,,,,,,,,,,,,,,,,,,,,,,,,,,,,,,,,,,,,,,,,,,,,,,,,,,,,,,,,,,,,,,,,,,,,,,,,,,,,,,,,,,,,,,,,
Live,2012110090,http://buy.norton.com/partneroffer?ctry=CA&lang=EN&selSKU=21276146&tppc=6E4B2B64-D72B-31F7-B75C-8D4591DD2B25&ptype=cart,21276146,N360_2013_12MO_PC,N,1-3,Product,cart,CA_SITE,English,EN,CA,en,CAD,44.99,N360_2013_12MO_PC1-3cartCA_SITEEnglishCAD44.99_PCCU_ASK,N360_2013_12MO_PC1-3cartCA_SITEEnglishCAD44.99,EMKTG,Partner/LOEM,50%,ALL,ALL,ALL,ALL,ALL,N,ECOM_MKT_50PCTOFF,6E4B2B64-D72B-31F7-B75C-8D4591DD2B25,SPARK-9647,1,,,,N360_2013_12MO_PC1-3cartCA_SITEEnglishCAD44.99,_PCCU_ASK,http://buy.norton.com/partneroffer?ctry=CA&lang=EN&selSKU=21276146&tppc=6E4B2B64-D72B-31F7-B75C-8D4591DD2B25&ptype=cart,,,,,,,,,,,,,,,,,,,,,,,,,,,,,,,,,,,,,,,,,,,,,,,,,,,,,,,,,,,,,,,,,,,,,,,,,,,,,,,,,,,,,,,,,,,,,,,,,,,,,,,,,,,,,,,,,,,,,,,,,,,,,,,,,,,,,,,,,,,,,,,,,,,,,,,,,,,,,,,,,,,,,,,,,,,,,,,,,,,,,,,,,,,,,,,,,,,,,,,,,,,,,,,,,,,,,,,,,
Live,2012110091,http://buy.norton.com/partneroffer?ctry=CA&lang=EN&selSKU=21276123&tppc=B7D37237-45A3-0AB2-EF02-F87ACFBB2435&ptype=cart,21276123,NIS_2013_12MO_PC,N,1-3,Product,cart,CA_SITE,English,EN,CA,en,CAD,41.99,NIS_2013_12MO_PC1-3cartCA_SITEEnglishCAD41.99_PCCU_ASK,NIS_2013_12MO_PC1-3cartCA_SITEEnglishCAD41.99,EMKTG,Partner/LOEM,45%,ALL,ALL,ALL,ALL,ALL,N,ECOM_MKT_48PCTOFF,B7D37237-45A3-0AB2-EF02-F87ACFBB2435,SPARK-9647,1,,,,NIS_2013_12MO_PC1-3cartCA_SITEEnglishCAD41.99,_PCCU_ASK,http://buy.norton.com/partneroffer?ctry=CA&lang=EN&selSKU=21276123&tppc=B7D37237-45A3-0AB2-EF02-F87ACFBB2435&ptype=cart,,,,,,,,,,,,,,,,,,,,,,,,,,,,,,,,,,,,,,,,,,,,,,,,,,,,,,,,,,,,,,,,,,,,,,,,,,,,,,,,,,,,,,,,,,,,,,,,,,,,,,,,,,,,,,,,,,,,,,,,,,,,,,,,,,,,,,,,,,,,,,,,,,,,,,,,,,,,,,,,,,,,,,,,,,,,,,,,,,,,,,,,,,,,,,,,,,,,,,,,,,,,,,,,,,,,,,,,,
Live,2012110092,http://buy.norton.com/partneroffer?ctry=CA&lang=EN&selSKU=21276031&tppc=D55BA507-1874-2230-AA46-E5AE7F3683B9&ptype=cart,21276031,NAV_2013_12MO_PC,N,1-3,Product,cart,CA_SITE,English,EN,CA,en,CAD,39.99,NAV_2013_12MO_PC1-3cartCA_SITEEnglishCAD39.99_PCCU_ASK,NAV_2013_12MO_PC1-3cartCA_SITEEnglishCAD39.99,EMKTG,Partner/LOEM,20%,ALL,ALL,ALL,ALL,ALL,N,ECOM_MKT_20PCTOFF,D55BA507-1874-2230-AA46-E5AE7F3683B9,SPARK-9647,1,,,,NAV_2013_12MO_PC1-3cartCA_SITEEnglishCAD39.99,_PCCU_ASK,http://buy.norton.com/partneroffer?ctry=CA&lang=EN&selSKU=21276031&tppc=D55BA507-1874-2230-AA46-E5AE7F3683B9&ptype=cart,,,,,,,,,,,,,,,,,,,,,,,,,,,,,,,,,,,,,,,,,,,,,,,,,,,,,,,,,,,,,,,,,,,,,,,,,,,,,,,,,,,,,,,,,,,,,,,,,,,,,,,,,,,,,,,,,,,,,,,,,,,,,,,,,,,,,,,,,,,,,,,,,,,,,,,,,,,,,,,,,,,,,,,,,,,,,,,,,,,,,,,,,,,,,,,,,,,,,,,,,,,,,,,,,,,,,,,,,
Live,2012110093,http://buy.norton.com/partneroffer?ctry=GB&lang=EN&selSKU=21276149&tppc=6E4B2B64-D72B-31F7-B75C-8D4591DD2B25&ptype=cart,21276149,N360_2013_12MO_PC,N,1-3,Product,cart,GB_SITE,English,IN,GB,en,GBP,29.99,N360_2013_12MO_PC1-3cartGB_SITEEnglishGBP29.99_PCCU_ASK,N360_2013_12MO_PC1-3cartGB_SITEEnglishGBP29.99,EMKTG,Partner/LOEM,50%,ALL,ALL,ALL,ALL,ALL,N,ECOM_MKT_50PCTOFF,6E4B2B64-D72B-31F7-B75C-8D4591DD2B25,SPARK-9647,1,,,,N360_2013_12MO_PC1-3cartGB_SITEEnglishGBP29.99,_PCCU_ASK,http://buy.norton.com/partneroffer?ctry=GB&lang=EN&selSKU=21276149&tppc=6E4B2B64-D72B-31F7-B75C-8D4591DD2B25&ptype=cart,,,,,,,,,,,,,,,,,,,,,,,,,,,,,,,,,,,,,,,,,,,,,,,,,,,,,,,,,,,,,,,,,,,,,,,,,,,,,,,,,,,,,,,,,,,,,,,,,,,,,,,,,,,,,,,,,,,,,,,,,,,,,,,,,,,,,,,,,,,,,,,,,,,,,,,,,,,,,,,,,,,,,,,,,,,,,,,,,,,,,,,,,,,,,,,,,,,,,,,,,,,,,,,,,,,,,,,,,
Live,2012110094,http://buy.norton.com/partneroffer?ctry=GB&lang=EN&selSKU=21276109&tppc=16EE1066-0F9C-09DC-E1E0-F80B807BA824&ptype=cart,21276109,NIS_2013_12MO_PC,N,1-3,Product,cart,GB_SITE,English,IN,GB,en,GBP,27.99,NIS_2013_12MO_PC1-3cartGB_SITEEnglishGBP27.99_PCCU_ASK,NIS_2013_12MO_PC1-3cartGB_SITEEnglishGBP27.99,EMKTG,Partner/LOEM,45%,ALL,ALL,ALL,ALL,ALL,N,ECOM_MKT_44PCTOFF,16EE1066-0F9C-09DC-E1E0-F80B807BA824,SPARK-9647,1,,,,NIS_2013_12MO_PC1-3cartGB_SITEEnglishGBP27.99,_PCCU_ASK,http://buy.norton.com/partneroffer?ctry=GB&lang=EN&selSKU=21276109&tppc=16EE1066-0F9C-09DC-E1E0-F80B807BA824&ptype=cart,,,,,,,,,,,,,,,,,,,,,,,,,,,,,,,,,,,,,,,,,,,,,,,,,,,,,,,,,,,,,,,,,,,,,,,,,,,,,,,,,,,,,,,,,,,,,,,,,,,,,,,,,,,,,,,,,,,,,,,,,,,,,,,,,,,,,,,,,,,,,,,,,,,,,,,,,,,,,,,,,,,,,,,,,,,,,,,,,,,,,,,,,,,,,,,,,,,,,,,,,,,,,,,,,,,,,,,,,
Live,2012110095,http://buy.norton.com/partneroffer?ctry=GB&lang=EN&selSKU=21276045&tppc=6C7B52C9-42B2-CB6B-B0B6-ED3A0787DF78&ptype=cart,21276045,NAV_2013_12MO_PC,N,1-3,Product,cart,GB_SITE,English,IN,GB,en,GBP,24.99,NAV_2013_12MO_PC1-3cartGB_SITEEnglishGBP24.99_PCCU_ASK,NAV_2013_12MO_PC1-3cartGB_SITEEnglishGBP24.99,EMKTG,Partner/LOEM,15CU,ALL,ALL,ALL,ALL,ALL,N,ECOM_MKT_38PCTOFF,6C7B52C9-42B2-CB6B-B0B6-ED3A0787DF78,SPARK-9647,1,,,,NAV_2013_12MO_PC1-3cartGB_SITEEnglishGBP24.99,_PCCU_ASK,http://buy.norton.com/partneroffer?ctry=GB&lang=EN&selSKU=21276045&tppc=6C7B52C9-42B2-CB6B-B0B6-ED3A0787DF78&ptype=cart,,,,,,,,,,,,,,,,,,,,,,,,,,,,,,,,,,,,,,,,,,,,,,,,,,,,,,,,,,,,,,,,,,,,,,,,,,,,,,,,,,,,,,,,,,,,,,,,,,,,,,,,,,,,,,,,,,,,,,,,,,,,,,,,,,,,,,,,,,,,,,,,,,,,,,,,,,,,,,,,,,,,,,,,,,,,,,,,,,,,,,,,,,,,,,,,,,,,,,,,,,,,,,,,,,,,,,,,,
Live,2012110096,http://buy.norton.com/partneroffer?ctry=AU&lang=EN&selSKU=21276158&tppc=6E4B2B64-D72B-31F7-B75C-8D4591DD2B25&ptype=cart,21276158,N360_2013_12MO_PC,N,1-3,Product,cart,AU_SITE,English,AP,AU,en,AUD,64.99,N360_2013_12MO_PC1-3cartAU_SITEEnglishAUD64.99_PCCU_ASK,N360_2013_12MO_PC1-3cartAU_SITEEnglishAUD64.99,EMKTG,Partner/LOEM,50%,ALL,ALL,ALL,ALL,ALL,N,ECOM_MKT_50PCTOFF,6E4B2B64-D72B-31F7-B75C-8D4591DD2B25,SPARK-9647,1,,,,N360_2013_12MO_PC1-3cartAU_SITEEnglishAUD64.99,_PCCU_ASK,http://buy.norton.com/partneroffer?ctry=AU&lang=EN&selSKU=21276158&tppc=6E4B2B64-D72B-31F7-B75C-8D4591DD2B25&ptype=cart,,,,,,,,,,,,,,,,,,,,,,,,,,,,,,,,,,,,,,,,,,,,,,,,,,,,,,,,,,,,,,,,,,,,,,,,,,,,,,,,,,,,,,,,,,,,,,,,,,,,,,,,,,,,,,,,,,,,,,,,,,,,,,,,,,,,,,,,,,,,,,,,,,,,,,,,,,,,,,,,,,,,,,,,,,,,,,,,,,,,,,,,,,,,,,,,,,,,,,,,,,,,,,,,,,,,,,,,,
Live,2012110097,http://buy.norton.com/partneroffer?ctry=AU&lang=EN&selSKU=21276129&tppc=6C7B52C9-42B2-CB6B-B0B6-ED3A0787DF78&ptype=cart,21276129,NIS_2013_12MO_PC,N,1-3,Product,cart,AU_SITE,English,AP,AU,en,AUD,61.99,NIS_2013_12MO_PC1-3cartAU_SITEEnglishAUD61.99_PCCU_ASK,NIS_2013_12MO_PC1-3cartAU_SITEEnglishAUD61.99,EMKTG,Partner/LOEM,35%,ALL,ALL,ALL,ALL,ALL,N,ECOM_MKT_38PCTOFF,6C7B52C9-42B2-CB6B-B0B6-ED3A0787DF78,SPARK-9647,1,,,,NIS_2013_12MO_PC1-3cartAU_SITEEnglishAUD61.99,_PCCU_ASK,http://buy.norton.com/partneroffer?ctry=AU&lang=EN&selSKU=21276129&tppc=6C7B52C9-42B2-CB6B-B0B6-ED3A0787DF78&ptype=cart,,,,,,,,,,,,,,,,,,,,,,,,,,,,,,,,,,,,,,,,,,,,,,,,,,,,,,,,,,,,,,,,,,,,,,,,,,,,,,,,,,,,,,,,,,,,,,,,,,,,,,,,,,,,,,,,,,,,,,,,,,,,,,,,,,,,,,,,,,,,,,,,,,,,,,,,,,,,,,,,,,,,,,,,,,,,,,,,,,,,,,,,,,,,,,,,,,,,,,,,,,,,,,,,,,,,,,,,,
Live,2012110098,http://buy.norton.com/partneroffer?ctry=AU&lang=EN&selSKU=21276021&tppc=2CEBCA86-1C27-46A2-2295-DA7F5ED757EF&ptype=cart,21276021,NAV_2013_12MO_PC,N,1-3,Product,cart,AU_SITE,English,AP,AU,en,AUD,59.99,NAV_2013_12MO_PC1-3cartAU_SITEEnglishAUD59.99_PCCU_ASK,NAV_2013_12MO_PC1-3cartAU_SITEEnglishAUD59.99,EMKTG,Partner/LOEM,30CU,ALL,ALL,ALL,ALL,ALL,N,ECOM_MKT_33PCTOFF,2CEBCA86-1C27-46A2-2295-DA7F5ED757EF,SPARK-9647,1,,,,NAV_2013_12MO_PC1-3cartAU_SITEEnglishAUD59.99,_PCCU_ASK,http://buy.norton.com/partneroffer?ctry=AU&lang=EN&selSKU=21276021&tppc=2CEBCA86-1C27-46A2-2295-DA7F5ED757EF&ptype=cart,,,,,,,,,,,,,,,,,,,,,,,,,,,,,,,,,,,,,,,,,,,,,,,,,,,,,,,,,,,,,,,,,,,,,,,,,,,,,,,,,,,,,,,,,,,,,,,,,,,,,,,,,,,,,,,,,,,,,,,,,,,,,,,,,,,,,,,,,,,,,,,,,,,,,,,,,,,,,,,,,,,,,,,,,,,,,,,,,,,,,,,,,,,,,,,,,,,,,,,,,,,,,,,,,,,,,,,,,
Live,2012110099,http://buy.norton.com/partneroffer?ctry=NZ&lang=EN&selSKU=21276158&tppc=050E51C6-B0EE-E247-D098-CA0918E11692&ptype=cart,21276158,N360_2013_12MO_PC,N,1-3,Product,cart,NZ_SITE,English,AP,NZ,en,NZD,64.99,N360_2013_12MO_PC1-3cartNZ_SITEEnglishNZD64.99_PCCU_ASK,N360_2013_12MO_PC1-3cartNZ_SITEEnglishNZD64.99,EMKTG,Partner/LOEM,50%,ALL,ALL,ALL,ALL,ALL,N,ECOM_MKT_28PCTOFF,050E51C6-B0EE-E247-D098-CA0918E11692,SPARK-9647,1,,,,N360_2013_12MO_PC1-3cartNZ_SITEEnglishNZD64.99,_PCCU_ASK,http://buy.norton.com/partneroffer?ctry=NZ&lang=EN&selSKU=21276158&tppc=050E51C6-B0EE-E247-D098-CA0918E11692&ptype=cart,,,,,,,,,,,,,,,,,,,,,,,,,,,,,,,,,,,,,,,,,,,,,,,,,,,,,,,,,,,,,,,,,,,,,,,,,,,,,,,,,,,,,,,,,,,,,,,,,,,,,,,,,,,,,,,,,,,,,,,,,,,,,,,,,,,,,,,,,,,,,,,,,,,,,,,,,,,,,,,,,,,,,,,,,,,,,,,,,,,,,,,,,,,,,,,,,,,,,,,,,,,,,,,,,,,,,,,,,
Live,2012110100,http://buy.norton.com/partneroffer?ctry=NZ&lang=EN&selSKU=21276129&tppc=53E8170E-AB54-6CA1-5976-33B3D8567F5A&ptype=cart,21276129,NIS_2013_12MO_PC,N,1-3,Product,cart,NZ_SITE,English,AP,NZ,en,NZD,61.99,NIS_2013_12MO_PC1-3cartNZ_SITEEnglishNZD61.99_PCCU_ASK,NIS_2013_12MO_PC1-3cartNZ_SITEEnglishNZD61.99,EMKTG,Partner/LOEM,35%,ALL,ALL,ALL,ALL,ALL,N,ECOM_MKT_23PCTOFF,53E8170E-AB54-6CA1-5976-33B3D8567F5A,SPARK-9647,1,,,,NIS_2013_12MO_PC1-3cartNZ_SITEEnglishNZD61.99,_PCCU_ASK,http://buy.norton.com/partneroffer?ctry=NZ&lang=EN&selSKU=21276129&tppc=53E8170E-AB54-6CA1-5976-33B3D8567F5A&ptype=cart,,,,,,,,,,,,,,,,,,,,,,,,,,,,,,,,,,,,,,,,,,,,,,,,,,,,,,,,,,,,,,,,,,,,,,,,,,,,,,,,,,,,,,,,,,,,,,,,,,,,,,,,,,,,,,,,,,,,,,,,,,,,,,,,,,,,,,,,,,,,,,,,,,,,,,,,,,,,,,,,,,,,,,,,,,,,,,,,,,,,,,,,,,,,,,,,,,,,,,,,,,,,,,,,,,,,,,,,,
Live,2012110101,http://buy.norton.com/partneroffer?ctry=NZ&lang=EN&selSKU=21276021&tppc=9a05e4dc0aaef88c2f06c918aada99d9&ptype=cart,21276021,NAV_2013_12MO_PC,N,1-3,Product,cart,NZ_SITE,English,AP,NZ,en,NZD,59.99,NAV_2013_12MO_PC1-3cartNZ_SITEEnglishNZD59.99_PCCU_ASK,NAV_2013_12MO_PC1-3cartNZ_SITEEnglishNZD59.99,EMKTG,Partner/LOEM,30CU,ALL,ALL,ALL,ALL,ALL,N,Master_Cons_PL,9a05e4dc0aaef88c2f06c918aada99d9,SPARK-9647,1,,,,NAV_2013_12MO_PC1-3cartNZ_SITEEnglishNZD59.99,_PCCU_ASK,http://buy.norton.com/partneroffer?ctry=NZ&lang=EN&selSKU=21276021&tppc=9a05e4dc0aaef88c2f06c918aada99d9&ptype=cart,,,,,,,,,,,,,,,,,,,,,,,,,,,,,,,,,,,,,,,,,,,,,,,,,,,,,,,,,,,,,,,,,,,,,,,,,,,,,,,,,,,,,,,,,,,,,,,,,,,,,,,,,,,,,,,,,,,,,,,,,,,,,,,,,,,,,,,,,,,,,,,,,,,,,,,,,,,,,,,,,,,,,,,,,,,,,,,,,,,,,,,,,,,,,,,,,,,,,,,,,,,,,,,,,,,,,,,,,
Live,2013010143,http://buy.norton.com/partneroffer?ctry=IE&lang=EN&selSKU=21276149&tppc=6E4B2B64-D72B-31F7-B75C-8D4591DD2B25&ptype=cart,21276149,N360_2013_12MO_PC,N,1-3,Product,cart,GB_SITE,English,IN,IE,en,EUR,44.99,N360_2013_12MO_PC1-3cartGB_SITEEnglishEUR44.99_PCCU_ASK,N360_2013_12MO_PC1-3cartGB_SITEEnglishEUR44.99,EMKTG,Partner/LOEM,50%,ALL,ALL,ALL,ALL,ALL,N,ECOM_MKT_50PCTOFF,6E4B2B64-D72B-31F7-B75C-8D4591DD2B25,SPARK-15070,1,,,,N360_2013_12MO_PC1-3cartGB_SITEEnglishEUR44.99,_PCCU_ASK,http://buy.norton.com/partneroffer?ctry=IE&lang=EN&selSKU=21276149&tppc=6E4B2B64-D72B-31F7-B75C-8D4591DD2B25&ptype=cart,,,,,,,,,,,,,,,,,,,,,,,,,,,,,,,,,,,,,,,,,,,,,,,,,,,,,,,,,,,,,,,,,,,,,,,,,,,,,,,,,,,,,,,,,,,,,,,,,,,,,,,,,,,,,,,,,,,,,,,,,,,,,,,,,,,,,,,,,,,,,,,,,,,,,,,,,,,,,,,,,,,,,,,,,,,,,,,,,,,,,,,,,,,,,,,,,,,,,,,,,,,,,,,,,,,,,,,,,
Live,2013010144,http://buy.norton.com/partneroffer?ctry=IE&lang=EN&selSKU=21276109&tppc=B7D37237-45A3-0AB2-EF02-F87ACFBB2435&ptype=cart,21276109,NIS_2013_12MO_PC,N,1-3,Product,cart,GB_SITE,English,IN,IE,en,EUR,41.99,NIS_2013_12MO_PC1-3cartGB_SITEEnglishEUR41.99_PCCU_ASK,NIS_2013_12MO_PC1-3cartGB_SITEEnglishEUR41.99,EMKTG,Partner/LOEM,45%,ALL,ALL,ALL,ALL,ALL,N,ECOM_MKT_48PCTOFF,B7D37237-45A3-0AB2-EF02-F87ACFBB2435,SPARK-15070,1,,,,NIS_2013_12MO_PC1-3cartGB_SITEEnglishEUR41.99,_PCCU_ASK,http://buy.norton.com/partneroffer?ctry=IE&lang=EN&selSKU=21276109&tppc=B7D37237-45A3-0AB2-EF02-F87ACFBB2435&ptype=cart,,,,,,,,,,,,,,,,,,,,,,,,,,,,,,,,,,,,,,,,,,,,,,,,,,,,,,,,,,,,,,,,,,,,,,,,,,,,,,,,,,,,,,,,,,,,,,,,,,,,,,,,,,,,,,,,,,,,,,,,,,,,,,,,,,,,,,,,,,,,,,,,,,,,,,,,,,,,,,,,,,,,,,,,,,,,,,,,,,,,,,,,,,,,,,,,,,,,,,,,,,,,,,,,,,,,,,,,,
Live,2013010145,http://buy.norton.com/partneroffer?ctry=IE&lang=EN&selSKU=21276045&tppc=0EECDDE1-300E-1BEE-F0E6-C731F257DB35&ptype=cart,21276045,NAV_2013_12MO_PC,N,1-3,Product,cart,GB_SITE,English,IN,IE,en,EUR,39.99,NAV_2013_12MO_PC1-3cartGB_SITEEnglishEUR39.99_PCCU_ASK,NAV_2013_12MO_PC1-3cartGB_SITEEnglishEUR39.99,EMKTG,Partner/LOEM,10%,ALL,ALL,ALL,ALL,ALL,N,ECOM_MKT_11PCTOFF,0EECDDE1-300E-1BEE-F0E6-C731F257DB35,SPARK-15070,1,,,,NAV_2013_12MO_PC1-3cartGB_SITEEnglishEUR39.99,_PCCU_ASK,http://buy.norton.com/partneroffer?ctry=IE&lang=EN&selSKU=21276045&tppc=0EECDDE1-300E-1BEE-F0E6-C731F257DB35&ptype=cart,,,,,,,,,,,,,,,,,,,,,,,,,,,,,,,,,,,,,,,,,,,,,,,,,,,,,,,,,,,,,,,,,,,,,,,,,,,,,,,,,,,,,,,,,,,,,,,,,,,,,,,,,,,,,,,,,,,,,,,,,,,,,,,,,,,,,,,,,,,,,,,,,,,,,,,,,,,,,,,,,,,,,,,,,,,,,,,,,,,,,,,,,,,,,,,,,,,,,,,,,,,,,,,,,,,,,,,,,
